,Importance
Temperature_C,0.6971106217748598
Average_Temperature,0.5840105484270993
Temperature_Deviation,0.28446359444021985
Oil_Temperature_C,0.20947250150470142
Health_Index,0.1662124262129252
Oil_Pressure_Bar,0.14126683510179236
Vibration_mm_s,0.13985901217067176
Motor_Current_A,0.08584916611268688
Last_Maintenance_Days,0.08411866010669734
Average_Vibration,0.07988551812438385
Power_Consumption_kW,0.07272248310324975
Maintenance_Frequency,0.06023936387218423
Failure_Count,0.06023936387218423
Failure_Frequency,0.049793732750649154
RPM,0.043356850434639174
Vibration_Risk,0.04184582921936134
Pressure_Bar,0.03823138773227445
Sensor_Anomaly_Count,0.03770304839304125
Valve_Position_Percent,0.03574656969423248
Flow_Rate_m3_h,0.030864242464292084
Maintenance_Due,0.030073701532944076
Pressure_Fluctuation,0.023401839958473863
Operating_Hours,0.0208308713875495
Equipment_Age,0.020830871387548314
Pressure_Deviation,0.016971558281422872
RPM_Deviation,0.016028082122814345
Power_Efficiency,0.013533080792105984
Humidity_Percent,0.011447329495513203
Ambient_Temperature_C,0.009352584896972157
Plant_Location,0.006199589554078999
Fuel_Gas_Pressure_Bar,0.005564308217683379
Operating_Hour_Risk,0.005108817451576048
Equipment_Type,0.0018908190944583111
Maintenance_History,0.0002180995876653498
