Equipment_ID,Equipment_Type,Plant_Location,Failure_Probability,Remaining_Useful_Life,Health_Score,Risk_Level,Maintenance_Priority,Recommended_Action
COMP-405,Gas Compressor,Dubai Processing Plant,83.0,67.0,42.1,CRITICAL,🔴 Critical,Immediate inspection and preventive maintenance required
TURB-269,Turbine,Abu Dhabi Onshore Field,82.0,66.0,41.7,CRITICAL,🔴 Critical,Immediate inspection and preventive maintenance required
CFPUMP-316,Centrifugal Pump,Ruwais Refinery,81.7,5.0,37.0,CRITICAL,🔴 Critical,Immediate inspection and preventive maintenance required
TURB-203,Turbine,Shah Gas Facility,81.3,63.0,30.8,CRITICAL,🔴 Critical,Immediate inspection and preventive maintenance required
TURB-614,Turbine,Shah Gas Facility,81.3,31.0,47.6,CRITICAL,🔴 Critical,Immediate inspection and preventive maintenance required
TURB-410,Turbine,Habshan Gas Plant,81.0,59.0,37.3,CRITICAL,🔴 Critical,Immediate inspection and preventive maintenance required
CFPUMP-173,Centrifugal Pump,Ghasha Offshore Complex,80.9,18.0,36.3,CRITICAL,🔴 Critical,Immediate inspection and preventive maintenance required
TURB-104,Turbine,Ruwais Refinery,80.0,57.0,37.1,CRITICAL,🔴 Critical,Immediate inspection and preventive maintenance required
TURB-494,Turbine,Dubai Processing Plant,80.0,80.0,33.4,CRITICAL,🔴 Critical,Immediate inspection and preventive maintenance required
TURB-534,Turbine,Ruwais Refinery,79.6,45.0,46.3,CRITICAL,🔴 Critical,Immediate inspection and preventive maintenance required
DRILL-437,Drilling Equipment,Ghasha Offshore Complex,78.8,38.0,55.5,CRITICAL,🔴 Critical,Immediate inspection and preventive maintenance required
HEX-536,Heat Exchanger,Ruwais Refinery,78.7,98.0,35.4,CRITICAL,🔴 Critical,Immediate inspection and preventive maintenance required
VALVE-213,Valve,Ghasha Offshore Complex,78.7,42.0,38.4,CRITICAL,🔴 Critical,Immediate inspection and preventive maintenance required
PUMP-304,Oil Pump,Shah Gas Facility,76.7,61.0,48.1,CRITICAL,🔴 Critical,Immediate inspection and preventive maintenance required
DRILL-519,Drilling Equipment,Habshan Gas Plant,76.2,114.0,43.5,CRITICAL,🔴 Critical,Immediate inspection and preventive maintenance required
DRILL-233,Drilling Equipment,Shah Gas Facility,76.1,62.0,40.7,CRITICAL,🔴 Critical,Immediate inspection and preventive maintenance required
COMP-491,Gas Compressor,Jebel Ali Terminal,75.7,33.0,41.2,CRITICAL,🔴 Critical,Immediate inspection and preventive maintenance required
COMP-523,Gas Compressor,Habshan Gas Plant,75.5,52.0,48.1,CRITICAL,🔴 Critical,Immediate inspection and preventive maintenance required
PUMP-594,Oil Pump,Habshan Gas Plant,74.6,80.0,37.4,HIGH,🟠 High,Schedule preventive maintenance within 7 days
TURB-429,Turbine,Ruwais Refinery,74.6,102.0,48.3,HIGH,🟠 High,Schedule preventive maintenance within 7 days
HEX-417,Heat Exchanger,Jebel Ali Terminal,74.5,138.0,46.2,HIGH,🟠 High,Schedule preventive maintenance within 7 days
TURB-540,Turbine,Shah Gas Facility,74.4,46.0,47.9,HIGH,🟠 High,Schedule preventive maintenance within 7 days
HEX-612,Heat Exchanger,Shah Gas Facility,74.2,76.0,33.7,HIGH,🟠 High,Schedule preventive maintenance within 7 days
HEX-247,Heat Exchanger,Jebel Ali Terminal,74.0,58.0,42.4,HIGH,🟠 High,Schedule preventive maintenance within 7 days
DRILL-509,Drilling Equipment,Abu Dhabi Onshore Field,74.0,46.0,57.5,HIGH,🟠 High,Schedule preventive maintenance within 7 days
COMP-356,Gas Compressor,Ghasha Offshore Complex,73.4,106.0,39.9,HIGH,🟠 High,Schedule preventive maintenance within 7 days
TURB-280,Turbine,Jebel Ali Terminal,72.9,118.0,41.5,HIGH,🟠 High,Schedule preventive maintenance within 7 days
CFPUMP-578,Centrifugal Pump,Ruwais Refinery,72.6,39.0,41.9,HIGH,🟠 High,Schedule preventive maintenance within 7 days
COMP-575,Gas Compressor,Habshan Gas Plant,72.4,39.0,51.2,HIGH,🟠 High,Schedule preventive maintenance within 7 days
HEX-143,Heat Exchanger,Abu Dhabi Onshore Field,72.4,76.0,41.7,HIGH,🟠 High,Schedule preventive maintenance within 7 days
DRILL-631,Drilling Equipment,Abu Dhabi Onshore Field,72.0,119.0,58.8,HIGH,🟠 High,Schedule preventive maintenance within 7 days
COMP-625,Gas Compressor,Ghasha Offshore Complex,71.4,96.0,51.4,HIGH,🟠 High,Schedule preventive maintenance within 7 days
DRILL-169,Drilling Equipment,Ghasha Offshore Complex,71.1,82.0,40.0,HIGH,🟠 High,Schedule preventive maintenance within 7 days
TURB-346,Turbine,Ghasha Offshore Complex,70.4,65.0,47.1,HIGH,🟠 High,Schedule preventive maintenance within 7 days
VALVE-127,Valve,Ruwais Refinery,70.1,84.0,44.8,HIGH,🟠 High,Schedule preventive maintenance within 7 days
VALVE-586,Valve,Abu Dhabi Onshore Field,70.1,97.0,33.9,HIGH,🟠 High,Schedule preventive maintenance within 7 days
COMP-634,Gas Compressor,Ruwais Refinery,69.5,96.0,51.6,HIGH,🟠 High,Schedule preventive maintenance within 7 days
CFPUMP-110,Centrifugal Pump,Dubai Processing Plant,69.0,53.0,44.0,HIGH,🟠 High,Schedule preventive maintenance within 7 days
DRILL-287,Drilling Equipment,Jebel Ali Terminal,68.9,33.0,56.7,HIGH,🟠 High,Schedule preventive maintenance within 7 days
PUMP-577,Oil Pump,Jebel Ali Terminal,68.3,56.0,46.3,HIGH,🟠 High,Schedule preventive maintenance within 7 days
PUMP-218,Oil Pump,Abu Dhabi Onshore Field,68.2,56.0,65.9,HIGH,🟠 High,Schedule preventive maintenance within 7 days
COMP-583,Gas Compressor,Abu Dhabi Onshore Field,68.2,76.0,55.3,HIGH,🟠 High,Schedule preventive maintenance within 7 days
COMP-107,Gas Compressor,Ghasha Offshore Complex,68.1,111.0,52.7,HIGH,🟠 High,Schedule preventive maintenance within 7 days
PUMP-408,Oil Pump,Shah Gas Facility,68.0,52.0,52.7,HIGH,🟠 High,Schedule preventive maintenance within 7 days
CFPUMP-401,Centrifugal Pump,Habshan Gas Plant,67.8,60.0,43.3,HIGH,🟠 High,Schedule preventive maintenance within 7 days
DRILL-556,Drilling Equipment,Abu Dhabi Onshore Field,67.6,53.0,53.0,HIGH,🟠 High,Schedule preventive maintenance within 7 days
DRILL-153,Drilling Equipment,Habshan Gas Plant,67.3,84.0,53.9,HIGH,🟠 High,Schedule preventive maintenance within 7 days
DRILL-392,Drilling Equipment,Ghasha Offshore Complex,67.2,88.0,57.8,HIGH,🟠 High,Schedule preventive maintenance within 7 days
DRILL-500,Drilling Equipment,Shah Gas Facility,67.1,91.0,56.5,HIGH,🟠 High,Schedule preventive maintenance within 7 days
PUMP-239,Oil Pump,Habshan Gas Plant,66.8,78.0,46.3,HIGH,🟠 High,Schedule preventive maintenance within 7 days
TURB-376,Turbine,Habshan Gas Plant,66.5,94.0,45.8,HIGH,🟠 High,Schedule preventive maintenance within 7 days
TURB-421,Turbine,Abu Dhabi Onshore Field,66.4,85.0,46.8,HIGH,🟠 High,Schedule preventive maintenance within 7 days
HEX-372,Heat Exchanger,Dubai Processing Plant,66.3,112.0,37.8,HIGH,🟠 High,Schedule preventive maintenance within 7 days
HEX-623,Heat Exchanger,Jebel Ali Terminal,66.1,124.0,36.2,HIGH,🟠 High,Schedule preventive maintenance within 7 days
COMP-103,Gas Compressor,Ruwais Refinery,66.1,95.0,38.1,HIGH,🟠 High,Schedule preventive maintenance within 7 days
VALVE-592,Valve,Abu Dhabi Onshore Field,66.1,110.0,31.6,HIGH,🟠 High,Schedule preventive maintenance within 7 days
VALVE-443,Valve,Ghasha Offshore Complex,65.8,120.0,31.0,HIGH,🟠 High,Schedule preventive maintenance within 7 days
TURB-235,Turbine,Shah Gas Facility,65.8,104.0,61.5,HIGH,🟠 High,Schedule preventive maintenance within 7 days
DRILL-406,Drilling Equipment,Dubai Processing Plant,65.8,99.0,55.0,HIGH,🟠 High,Schedule preventive maintenance within 7 days
PUMP-128,Oil Pump,Ghasha Offshore Complex,65.7,66.0,53.9,HIGH,🟠 High,Schedule preventive maintenance within 7 days
VALVE-333,Valve,Jebel Ali Terminal,65.5,70.0,47.0,HIGH,🟠 High,Schedule preventive maintenance within 7 days
VALVE-125,Valve,Ghasha Offshore Complex,65.3,102.0,48.6,HIGH,🟠 High,Schedule preventive maintenance within 7 days
DRILL-272,Drilling Equipment,Abu Dhabi Onshore Field,65.2,122.0,47.8,HIGH,🟠 High,Schedule preventive maintenance within 7 days
COMP-273,Gas Compressor,Shah Gas Facility,65.2,109.0,52.0,HIGH,🟠 High,Schedule preventive maintenance within 7 days
PUMP-151,Oil Pump,Ghasha Offshore Complex,65.2,63.0,54.5,HIGH,🟠 High,Schedule preventive maintenance within 7 days
COMP-394,Gas Compressor,Ghasha Offshore Complex,65.1,116.0,48.0,HIGH,🟠 High,Schedule preventive maintenance within 7 days
HEX-632,Heat Exchanger,Ruwais Refinery,65.1,128.0,36.9,HIGH,🟠 High,Schedule preventive maintenance within 7 days
TURB-241,Turbine,Abu Dhabi Onshore Field,65.0,78.0,53.6,HIGH,🟠 High,Schedule preventive maintenance within 7 days
PUMP-152,Oil Pump,Jebel Ali Terminal,64.8,82.0,59.0,HIGH,🟠 High,Schedule preventive maintenance within 7 days
HEX-397,Heat Exchanger,Abu Dhabi Onshore Field,64.5,119.0,36.3,HIGH,🟠 High,Schedule preventive maintenance within 7 days
VALVE-411,Valve,Abu Dhabi Onshore Field,64.2,82.0,40.6,HIGH,🟠 High,Schedule preventive maintenance within 7 days
DRILL-337,Drilling Equipment,Abu Dhabi Onshore Field,64.2,101.0,60.2,HIGH,🟠 High,Schedule preventive maintenance within 7 days
DRILL-186,Drilling Equipment,Abu Dhabi Onshore Field,64.1,71.0,57.2,HIGH,🟠 High,Schedule preventive maintenance within 7 days
HEX-334,Heat Exchanger,Ghasha Offshore Complex,64.0,81.0,50.6,HIGH,🟠 High,Schedule preventive maintenance within 7 days
TURB-591,Turbine,Jebel Ali Terminal,64.0,146.0,53.4,HIGH,🟠 High,Schedule preventive maintenance within 7 days
TURB-436,Turbine,Ruwais Refinery,64.0,108.0,57.0,HIGH,🟠 High,Schedule preventive maintenance within 7 days
PUMP-137,Oil Pump,Shah Gas Facility,64.0,76.0,55.6,HIGH,🟠 High,Schedule preventive maintenance within 7 days
COMP-475,Gas Compressor,Ghasha Offshore Complex,63.9,64.0,49.5,HIGH,🟠 High,Schedule preventive maintenance within 7 days
COMP-200,Gas Compressor,Shah Gas Facility,63.5,82.0,49.5,HIGH,🟠 High,Schedule preventive maintenance within 7 days
DRILL-451,Drilling Equipment,Ruwais Refinery,63.1,95.0,44.7,HIGH,🟠 High,Schedule preventive maintenance within 7 days
DRILL-271,Drilling Equipment,Dubai Processing Plant,62.9,63.0,54.3,HIGH,🟠 High,Schedule preventive maintenance within 7 days
DRILL-192,Drilling Equipment,Jebel Ali Terminal,62.9,74.0,52.5,HIGH,🟠 High,Schedule preventive maintenance within 7 days
PUMP-157,Oil Pump,Habshan Gas Plant,62.9,59.0,53.0,HIGH,🟠 High,Schedule preventive maintenance within 7 days
VALVE-506,Valve,Shah Gas Facility,62.7,78.0,47.0,HIGH,🟠 High,Schedule preventive maintenance within 7 days
VALVE-486,Valve,Shah Gas Facility,62.7,26.0,48.2,HIGH,🟠 High,Schedule preventive maintenance within 7 days
VALVE-308,Valve,Dubai Processing Plant,62.7,74.0,40.4,HIGH,🟠 High,Schedule preventive maintenance within 7 days
PUMP-118,Oil Pump,Ruwais Refinery,62.5,118.0,49.2,HIGH,🟠 High,Schedule preventive maintenance within 7 days
PUMP-489,Oil Pump,Ghasha Offshore Complex,62.5,57.0,45.1,HIGH,🟠 High,Schedule preventive maintenance within 7 days
TURB-584,Turbine,Habshan Gas Plant,62.4,77.0,56.4,HIGH,🟠 High,Schedule preventive maintenance within 7 days
VALVE-168,Valve,Ruwais Refinery,62.4,68.0,49.2,HIGH,🟠 High,Schedule preventive maintenance within 7 days
HEX-262,Heat Exchanger,Ghasha Offshore Complex,62.2,61.0,38.0,HIGH,🟠 High,Schedule preventive maintenance within 7 days
COMP-606,Gas Compressor,Ghasha Offshore Complex,62.1,68.0,64.1,HIGH,🟠 High,Schedule preventive maintenance within 7 days
HEX-368,Heat Exchanger,Ghasha Offshore Complex,62.1,126.0,39.1,HIGH,🟠 High,Schedule preventive maintenance within 7 days
HEX-499,Heat Exchanger,Shah Gas Facility,62.0,70.0,47.3,HIGH,🟠 High,Schedule preventive maintenance within 7 days
DRILL-544,Drilling Equipment,Ruwais Refinery,61.8,94.0,57.7,HIGH,🟠 High,Schedule preventive maintenance within 7 days
HEX-407,Heat Exchanger,Habshan Gas Plant,61.6,83.0,46.0,HIGH,🟠 High,Schedule preventive maintenance within 7 days
TURB-224,Turbine,Abu Dhabi Onshore Field,61.2,61.0,58.1,HIGH,🟠 High,Schedule preventive maintenance within 7 days
PUMP-611,Oil Pump,Jebel Ali Terminal,60.7,103.0,71.2,HIGH,🟠 High,Schedule preventive maintenance within 7 days
DRILL-402,Drilling Equipment,Ruwais Refinery,60.6,123.0,55.3,HIGH,🟠 High,Schedule preventive maintenance within 7 days
PUMP-465,Oil Pump,Shah Gas Facility,60.5,76.0,56.7,HIGH,🟠 High,Schedule preventive maintenance within 7 days
CFPUMP-620,Centrifugal Pump,Abu Dhabi Onshore Field,60.4,78.0,58.7,HIGH,🟠 High,Schedule preventive maintenance within 7 days
HEX-264,Heat Exchanger,Ghasha Offshore Complex,60.3,109.0,46.0,HIGH,🟠 High,Schedule preventive maintenance within 7 days
COMP-225,Gas Compressor,Shah Gas Facility,60.2,117.0,47.3,HIGH,🟠 High,Schedule preventive maintenance within 7 days
VALVE-208,Valve,Ghasha Offshore Complex,60.2,113.0,51.6,HIGH,🟠 High,Schedule preventive maintenance within 7 days
CFPUMP-328,Centrifugal Pump,Abu Dhabi Onshore Field,60.0,100.0,60.2,HIGH,🟠 High,Schedule preventive maintenance within 7 days
VALVE-419,Valve,Habshan Gas Plant,60.0,144.0,42.0,HIGH,🟠 High,Schedule preventive maintenance within 7 days
PUMP-322,Oil Pump,Dubai Processing Plant,59.9,125.0,45.7,HIGH,🟠 High,Schedule preventive maintenance within 7 days
TURB-555,Turbine,Ghasha Offshore Complex,59.7,72.0,54.6,HIGH,🟠 High,Schedule preventive maintenance within 7 days
TURB-266,Turbine,Jebel Ali Terminal,59.4,139.0,51.5,HIGH,🟠 High,Schedule preventive maintenance within 7 days
CFPUMP-364,Centrifugal Pump,Abu Dhabi Onshore Field,59.3,75.0,49.5,HIGH,🟠 High,Schedule preventive maintenance within 7 days
DRILL-222,Drilling Equipment,Ghasha Offshore Complex,59.0,91.0,56.6,HIGH,🟠 High,Schedule preventive maintenance within 7 days
CFPUMP-117,Centrifugal Pump,Jebel Ali Terminal,59.0,96.0,49.9,HIGH,🟠 High,Schedule preventive maintenance within 7 days
TURB-601,Turbine,Ruwais Refinery,58.9,77.0,60.0,HIGH,🟠 High,Schedule preventive maintenance within 7 days
DRILL-562,Drilling Equipment,Habshan Gas Plant,58.9,84.0,64.5,HIGH,🟠 High,Schedule preventive maintenance within 7 days
HEX-229,Heat Exchanger,Ghasha Offshore Complex,58.5,110.0,49.7,HIGH,🟠 High,Schedule preventive maintenance within 7 days
HEX-323,Heat Exchanger,Dubai Processing Plant,58.4,158.0,52.4,HIGH,🟠 High,Schedule preventive maintenance within 7 days
DRILL-637,Drilling Equipment,Habshan Gas Plant,58.3,84.0,56.1,HIGH,🟠 High,Schedule preventive maintenance within 7 days
TURB-325,Turbine,Abu Dhabi Onshore Field,58.1,102.0,60.9,HIGH,🟠 High,Schedule preventive maintenance within 7 days
PUMP-147,Oil Pump,Ruwais Refinery,58.0,81.0,51.1,HIGH,🟠 High,Schedule preventive maintenance within 7 days
TURB-490,Turbine,Abu Dhabi Onshore Field,58.0,105.0,50.4,HIGH,🟠 High,Schedule preventive maintenance within 7 days
DRILL-371,Drilling Equipment,Ruwais Refinery,57.8,151.0,68.0,HIGH,🟠 High,Schedule preventive maintenance within 7 days
PUMP-433,Oil Pump,Jebel Ali Terminal,57.8,107.0,58.3,HIGH,🟠 High,Schedule preventive maintenance within 7 days
CFPUMP-307,Centrifugal Pump,Dubai Processing Plant,57.7,127.0,55.3,HIGH,🟠 High,Schedule preventive maintenance within 7 days
TURB-629,Turbine,Jebel Ali Terminal,57.7,118.0,54.7,HIGH,🟠 High,Schedule preventive maintenance within 7 days
VALVE-158,Valve,Jebel Ali Terminal,57.7,103.0,51.0,HIGH,🟠 High,Schedule preventive maintenance within 7 days
PUMP-145,Oil Pump,Ghasha Offshore Complex,57.6,64.0,57.3,HIGH,🟠 High,Schedule preventive maintenance within 7 days
PUMP-628,Oil Pump,Abu Dhabi Onshore Field,57.6,110.0,52.3,HIGH,🟠 High,Schedule preventive maintenance within 7 days
TURB-221,Turbine,Abu Dhabi Onshore Field,57.5,105.0,55.2,HIGH,🟠 High,Schedule preventive maintenance within 7 days
CFPUMP-455,Centrifugal Pump,Ghasha Offshore Complex,57.4,101.0,57.8,HIGH,🟠 High,Schedule preventive maintenance within 7 days
VALVE-589,Valve,Abu Dhabi Onshore Field,57.3,118.0,49.2,HIGH,🟠 High,Schedule preventive maintenance within 7 days
CFPUMP-355,Centrifugal Pump,Abu Dhabi Onshore Field,57.3,103.0,59.4,HIGH,🟠 High,Schedule preventive maintenance within 7 days
DRILL-259,Drilling Equipment,Jebel Ali Terminal,57.1,100.0,64.6,HIGH,🟠 High,Schedule preventive maintenance within 7 days
PUMP-375,Oil Pump,Jebel Ali Terminal,57.0,113.0,53.6,HIGH,🟠 High,Schedule preventive maintenance within 7 days
VALVE-255,Valve,Shah Gas Facility,56.9,105.0,51.0,HIGH,🟠 High,Schedule preventive maintenance within 7 days
HEX-466,Heat Exchanger,Ruwais Refinery,56.9,104.0,53.8,HIGH,🟠 High,Schedule preventive maintenance within 7 days
TURB-360,Turbine,Dubai Processing Plant,56.9,167.0,59.0,HIGH,🟠 High,Schedule preventive maintenance within 7 days
CFPUMP-238,Centrifugal Pump,Jebel Ali Terminal,56.7,90.0,55.6,HIGH,🟠 High,Schedule preventive maintenance within 7 days
CFPUMP-579,Centrifugal Pump,Ghasha Offshore Complex,56.6,141.0,58.8,HIGH,🟠 High,Schedule preventive maintenance within 7 days
TURB-398,Turbine,Shah Gas Facility,56.5,133.0,59.8,HIGH,🟠 High,Schedule preventive maintenance within 7 days
HEX-276,Heat Exchanger,Ghasha Offshore Complex,56.5,128.0,51.8,HIGH,🟠 High,Schedule preventive maintenance within 7 days
VALVE-250,Valve,Abu Dhabi Onshore Field,56.4,123.0,46.0,HIGH,🟠 High,Schedule preventive maintenance within 7 days
HEX-542,Heat Exchanger,Dubai Processing Plant,56.3,180.0,51.3,HIGH,🟠 High,Schedule preventive maintenance within 7 days
COMP-324,Gas Compressor,Shah Gas Facility,56.2,174.0,55.2,HIGH,🟠 High,Schedule preventive maintenance within 7 days
VALVE-640,Valve,Abu Dhabi Onshore Field,56.2,162.0,41.8,HIGH,🟠 High,Schedule preventive maintenance within 7 days
HEX-539,Heat Exchanger,Habshan Gas Plant,56.1,149.0,49.3,HIGH,🟠 High,Schedule preventive maintenance within 7 days
COMP-599,Gas Compressor,Ruwais Refinery,56.1,103.0,55.9,HIGH,🟠 High,Schedule preventive maintenance within 7 days
CFPUMP-608,Centrifugal Pump,Abu Dhabi Onshore Field,56.0,100.0,65.2,HIGH,🟠 High,Schedule preventive maintenance within 7 days
DRILL-438,Drilling Equipment,Dubai Processing Plant,55.8,76.0,64.5,HIGH,🟠 High,Schedule preventive maintenance within 7 days
DRILL-254,Drilling Equipment,Dubai Processing Plant,55.7,123.0,61.1,HIGH,🟠 High,Schedule preventive maintenance within 7 days
COMP-409,Gas Compressor,Jebel Ali Terminal,55.6,112.0,54.7,HIGH,🟠 High,Schedule preventive maintenance within 7 days
CFPUMP-314,Centrifugal Pump,Abu Dhabi Onshore Field,55.6,142.0,56.6,HIGH,🟠 High,Schedule preventive maintenance within 7 days
CFPUMP-172,Centrifugal Pump,Ghasha Offshore Complex,55.6,124.0,59.9,HIGH,🟠 High,Schedule preventive maintenance within 7 days
COMP-644,Gas Compressor,Abu Dhabi Onshore Field,55.5,93.0,61.2,HIGH,🟠 High,Schedule preventive maintenance within 7 days
PUMP-527,Oil Pump,Abu Dhabi Onshore Field,55.4,97.0,68.8,HIGH,🟠 High,Schedule preventive maintenance within 7 days
TURB-512,Turbine,Dubai Processing Plant,55.4,140.0,58.2,HIGH,🟠 High,Schedule preventive maintenance within 7 days
HEX-413,Heat Exchanger,Abu Dhabi Onshore Field,55.4,116.0,45.7,HIGH,🟠 High,Schedule preventive maintenance within 7 days
CFPUMP-393,Centrifugal Pump,Habshan Gas Plant,55.4,78.0,46.8,HIGH,🟠 High,Schedule preventive maintenance within 7 days
HEX-166,Heat Exchanger,Jebel Ali Terminal,55.3,84.0,45.3,HIGH,🟠 High,Schedule preventive maintenance within 7 days
DRILL-377,Drilling Equipment,Abu Dhabi Onshore Field,55.2,90.0,44.1,HIGH,🟠 High,Schedule preventive maintenance within 7 days
CFPUMP-195,Centrifugal Pump,Dubai Processing Plant,55.2,95.0,60.2,HIGH,🟠 High,Schedule preventive maintenance within 7 days
DRILL-529,Drilling Equipment,Jebel Ali Terminal,55.2,143.0,61.5,HIGH,🟠 High,Schedule preventive maintenance within 7 days
COMP-532,Gas Compressor,Shah Gas Facility,55.1,86.0,54.4,HIGH,🟠 High,Schedule preventive maintenance within 7 days
DRILL-380,Drilling Equipment,Dubai Processing Plant,54.9,75.0,67.9,HIGH,🟠 High,Schedule preventive maintenance within 7 days
TURB-459,Turbine,Ruwais Refinery,54.8,69.0,52.9,HIGH,🟠 High,Schedule preventive maintenance within 7 days
CFPUMP-566,Centrifugal Pump,Ghasha Offshore Complex,54.7,128.0,61.9,HIGH,🟠 High,Schedule preventive maintenance within 7 days
COMP-296,Gas Compressor,Ruwais Refinery,54.7,115.0,65.5,HIGH,🟠 High,Schedule preventive maintenance within 7 days
PUMP-386,Oil Pump,Dubai Processing Plant,54.6,113.0,51.0,HIGH,🟠 High,Schedule preventive maintenance within 7 days
CFPUMP-366,Centrifugal Pump,Ghasha Offshore Complex,54.6,119.0,69.0,HIGH,🟠 High,Schedule preventive maintenance within 7 days
HEX-164,Heat Exchanger,Ghasha Offshore Complex,54.5,109.0,39.4,HIGH,🟠 High,Schedule preventive maintenance within 7 days
HEX-537,Heat Exchanger,Shah Gas Facility,54.5,115.0,56.0,HIGH,🟠 High,Schedule preventive maintenance within 7 days
VALVE-132,Valve,Dubai Processing Plant,54.5,154.0,49.1,HIGH,🟠 High,Schedule preventive maintenance within 7 days
VALVE-485,Valve,Abu Dhabi Onshore Field,54.5,118.0,47.9,HIGH,🟠 High,Schedule preventive maintenance within 7 days
PUMP-150,Oil Pump,Ghasha Offshore Complex,54.5,125.0,63.1,HIGH,🟠 High,Schedule preventive maintenance within 7 days
CFPUMP-344,Centrifugal Pump,Ruwais Refinery,54.4,107.0,61.1,HIGH,🟠 High,Schedule preventive maintenance within 7 days
DRILL-442,Drilling Equipment,Abu Dhabi Onshore Field,54.3,86.0,62.2,HIGH,🟠 High,Schedule preventive maintenance within 7 days
COMP-567,Gas Compressor,Ruwais Refinery,54.3,149.0,51.0,HIGH,🟠 High,Schedule preventive maintenance within 7 days
TURB-219,Turbine,Ruwais Refinery,54.3,171.0,61.6,HIGH,🟠 High,Schedule preventive maintenance within 7 days
CFPUMP-648,Centrifugal Pump,Ghasha Offshore Complex,54.3,95.0,67.3,HIGH,🟠 High,Schedule preventive maintenance within 7 days
PUMP-582,Oil Pump,Ghasha Offshore Complex,54.1,92.0,66.8,HIGH,🟠 High,Schedule preventive maintenance within 7 days
DRILL-358,Drilling Equipment,Habshan Gas Plant,54.0,124.0,65.8,HIGH,🟠 High,Schedule preventive maintenance within 7 days
TURB-647,Turbine,Jebel Ali Terminal,53.9,112.0,55.8,HIGH,🟠 High,Schedule preventive maintenance within 7 days
TURB-206,Turbine,Dubai Processing Plant,53.9,172.0,59.2,HIGH,🟠 High,Schedule preventive maintenance within 7 days
TURB-201,Turbine,Jebel Ali Terminal,53.7,79.0,57.2,HIGH,🟠 High,Schedule preventive maintenance within 7 days
VALVE-294,Valve,Habshan Gas Plant,53.7,107.0,59.6,HIGH,🟠 High,Schedule preventive maintenance within 7 days
COMP-395,Gas Compressor,Dubai Processing Plant,53.5,84.0,65.8,HIGH,🟠 High,Schedule preventive maintenance within 7 days
TURB-480,Turbine,Jebel Ali Terminal,53.4,109.0,64.9,HIGH,🟠 High,Schedule preventive maintenance within 7 days
DRILL-362,Drilling Equipment,Ruwais Refinery,53.4,141.0,54.4,HIGH,🟠 High,Schedule preventive maintenance within 7 days
COMP-458,Gas Compressor,Habshan Gas Plant,53.3,108.0,66.6,HIGH,🟠 High,Schedule preventive maintenance within 7 days
TURB-331,Turbine,Abu Dhabi Onshore Field,53.3,118.0,50.3,HIGH,🟠 High,Schedule preventive maintenance within 7 days
COMP-257,Gas Compressor,Dubai Processing Plant,53.3,166.0,66.2,HIGH,🟠 High,Schedule preventive maintenance within 7 days
HEX-481,Heat Exchanger,Dubai Processing Plant,53.3,99.0,49.6,HIGH,🟠 High,Schedule preventive maintenance within 7 days
CFPUMP-248,Centrifugal Pump,Abu Dhabi Onshore Field,53.2,139.0,54.4,HIGH,🟠 High,Schedule preventive maintenance within 7 days
DRILL-300,Drilling Equipment,Shah Gas Facility,53.2,88.0,68.5,HIGH,🟠 High,Schedule preventive maintenance within 7 days
DRILL-615,Drilling Equipment,Habshan Gas Plant,53.1,121.0,67.5,HIGH,🟠 High,Schedule preventive maintenance within 7 days
VALVE-115,Valve,Shah Gas Facility,53.0,155.0,41.7,HIGH,🟠 High,Schedule preventive maintenance within 7 days
PUMP-189,Oil Pump,Habshan Gas Plant,52.9,95.0,68.1,HIGH,🟠 High,Schedule preventive maintenance within 7 days
COMP-352,Gas Compressor,Habshan Gas Plant,52.9,106.0,60.1,HIGH,🟠 High,Schedule preventive maintenance within 7 days
DRILL-574,Drilling Equipment,Ruwais Refinery,52.9,122.0,66.7,HIGH,🟠 High,Schedule preventive maintenance within 7 days
PUMP-258,Oil Pump,Abu Dhabi Onshore Field,52.9,98.0,67.2,HIGH,🟠 High,Schedule preventive maintenance within 7 days
CFPUMP-446,Centrifugal Pump,Dubai Processing Plant,52.8,108.0,54.8,HIGH,🟠 High,Schedule preventive maintenance within 7 days
HEX-138,Heat Exchanger,Habshan Gas Plant,52.8,100.0,44.2,HIGH,🟠 High,Schedule preventive maintenance within 7 days
TURB-551,Turbine,Jebel Ali Terminal,52.7,169.0,70.3,HIGH,🟠 High,Schedule preventive maintenance within 7 days
PUMP-190,Oil Pump,Ruwais Refinery,52.7,104.0,67.4,HIGH,🟠 High,Schedule preventive maintenance within 7 days
DRILL-403,Drilling Equipment,Dubai Processing Plant,52.6,115.0,50.4,HIGH,🟠 High,Schedule preventive maintenance within 7 days
TURB-568,Turbine,Ruwais Refinery,52.5,137.0,59.5,HIGH,🟠 High,Schedule preventive maintenance within 7 days
PUMP-289,Oil Pump,Dubai Processing Plant,52.4,121.0,58.7,HIGH,🟠 High,Schedule preventive maintenance within 7 days
COMP-461,Gas Compressor,Habshan Gas Plant,52.4,124.0,51.4,HIGH,🟠 High,Schedule preventive maintenance within 7 days
PUMP-290,Oil Pump,Jebel Ali Terminal,52.3,96.0,74.0,HIGH,🟠 High,Schedule preventive maintenance within 7 days
COMP-170,Gas Compressor,Habshan Gas Plant,52.1,109.0,62.4,HIGH,🟠 High,Schedule preventive maintenance within 7 days
CFPUMP-391,Centrifugal Pump,Dubai Processing Plant,52.1,128.0,61.2,HIGH,🟠 High,Schedule preventive maintenance within 7 days
VALVE-146,Valve,Ruwais Refinery,52.1,123.0,38.4,HIGH,🟠 High,Schedule preventive maintenance within 7 days
VALVE-188,Valve,Dubai Processing Plant,52.0,73.0,49.9,HIGH,🟠 High,Schedule preventive maintenance within 7 days
DRILL-576,Drilling Equipment,Dubai Processing Plant,51.9,104.0,61.1,HIGH,🟠 High,Schedule preventive maintenance within 7 days
COMP-426,Gas Compressor,Ghasha Offshore Complex,51.9,153.0,64.4,HIGH,🟠 High,Schedule preventive maintenance within 7 days
COMP-306,Gas Compressor,Shah Gas Facility,51.9,181.0,62.7,HIGH,🟠 High,Schedule preventive maintenance within 7 days
VALVE-479,Valve,Jebel Ali Terminal,51.7,95.0,56.6,HIGH,🟠 High,Schedule preventive maintenance within 7 days
COMP-326,Gas Compressor,Habshan Gas Plant,51.6,114.0,65.2,HIGH,🟠 High,Schedule preventive maintenance within 7 days
PUMP-155,Oil Pump,Ruwais Refinery,51.4,142.0,59.1,HIGH,🟠 High,Schedule preventive maintenance within 7 days
PUMP-585,Oil Pump,Shah Gas Facility,51.3,94.0,50.7,HIGH,🟠 High,Schedule preventive maintenance within 7 days
DRILL-199,Drilling Equipment,Habshan Gas Plant,51.3,111.0,59.0,HIGH,🟠 High,Schedule preventive maintenance within 7 days
CFPUMP-554,Centrifugal Pump,Shah Gas Facility,51.1,114.0,53.3,HIGH,🟠 High,Schedule preventive maintenance within 7 days
DRILL-216,Drilling Equipment,Ghasha Offshore Complex,51.1,129.0,64.5,HIGH,🟠 High,Schedule preventive maintenance within 7 days
HEX-305,Heat Exchanger,Jebel Ali Terminal,51.1,192.0,57.7,HIGH,🟠 High,Schedule preventive maintenance within 7 days
PUMP-516,Oil Pump,Ghasha Offshore Complex,51.1,125.0,70.8,HIGH,🟠 High,Schedule preventive maintenance within 7 days
PUMP-336,Oil Pump,Ruwais Refinery,51.0,124.0,56.4,HIGH,🟠 High,Schedule preventive maintenance within 7 days
DRILL-618,Drilling Equipment,Ruwais Refinery,50.8,142.0,74.3,HIGH,🟠 High,Schedule preventive maintenance within 7 days
HEX-167,Heat Exchanger,Ghasha Offshore Complex,50.8,105.0,57.4,HIGH,🟠 High,Schedule preventive maintenance within 7 days
HEX-449,Heat Exchanger,Dubai Processing Plant,50.8,110.0,52.3,HIGH,🟠 High,Schedule preventive maintenance within 7 days
PUMP-148,Oil Pump,Ruwais Refinery,50.7,160.0,63.6,HIGH,🟠 High,Schedule preventive maintenance within 7 days
HEX-462,Heat Exchanger,Shah Gas Facility,50.7,139.0,60.5,HIGH,🟠 High,Schedule preventive maintenance within 7 days
COMP-211,Gas Compressor,Jebel Ali Terminal,50.6,155.0,72.2,HIGH,🟠 High,Schedule preventive maintenance within 7 days
PUMP-602,Oil Pump,Jebel Ali Terminal,50.4,151.0,52.8,HIGH,🟠 High,Schedule preventive maintenance within 7 days
CFPUMP-596,Centrifugal Pump,Abu Dhabi Onshore Field,50.3,148.0,55.6,HIGH,🟠 High,Schedule preventive maintenance within 7 days
PUMP-231,Oil Pump,Ghasha Offshore Complex,50.2,139.0,64.0,HIGH,🟠 High,Schedule preventive maintenance within 7 days
CFPUMP-448,Centrifugal Pump,Ghasha Offshore Complex,50.2,167.0,57.4,HIGH,🟠 High,Schedule preventive maintenance within 7 days
VALVE-483,Valve,Abu Dhabi Onshore Field,50.2,135.0,45.8,HIGH,🟠 High,Schedule preventive maintenance within 7 days
HEX-357,Heat Exchanger,Shah Gas Facility,50.1,127.0,53.4,HIGH,🟠 High,Schedule preventive maintenance within 7 days
DRILL-130,Drilling Equipment,Shah Gas Facility,50.0,97.0,65.1,HIGH,🟠 High,Schedule preventive maintenance within 7 days
DRILL-469,Drilling Equipment,Ruwais Refinery,49.9,101.0,66.1,MEDIUM,🟡 Medium,Schedule maintenance within 30 days; increase monitoring
CFPUMP-279,Centrifugal Pump,Shah Gas Facility,49.7,110.0,62.9,MEDIUM,🟡 Medium,Schedule maintenance within 30 days; increase monitoring
DRILL-422,Drilling Equipment,Abu Dhabi Onshore Field,49.5,118.0,61.2,MEDIUM,🟡 Medium,Schedule maintenance within 30 days; increase monitoring
COMP-175,Gas Compressor,Jebel Ali Terminal,49.4,95.0,65.4,MEDIUM,🟡 Medium,Schedule maintenance within 30 days; increase monitoring
COMP-140,Gas Compressor,Abu Dhabi Onshore Field,49.3,132.0,52.8,MEDIUM,🟡 Medium,Schedule maintenance within 30 days; increase monitoring
PUMP-456,Oil Pump,Ruwais Refinery,49.1,137.0,56.4,MEDIUM,🟡 Medium,Schedule maintenance within 30 days; increase monitoring
PUMP-171,Oil Pump,Habshan Gas Plant,49.0,96.0,63.0,MEDIUM,🟡 Medium,Schedule maintenance within 30 days; increase monitoring
COMP-627,Gas Compressor,Jebel Ali Terminal,49.0,129.0,58.3,MEDIUM,🟡 Medium,Schedule maintenance within 30 days; increase monitoring
VALVE-444,Valve,Dubai Processing Plant,49.0,117.0,59.8,MEDIUM,🟡 Medium,Schedule maintenance within 30 days; increase monitoring
COMP-285,Gas Compressor,Jebel Ali Terminal,48.9,120.0,58.4,MEDIUM,🟡 Medium,Schedule maintenance within 30 days; increase monitoring
VALVE-388,Valve,Jebel Ali Terminal,48.9,111.0,55.7,MEDIUM,🟡 Medium,Schedule maintenance within 30 days; increase monitoring
DRILL-530,Drilling Equipment,Jebel Ali Terminal,48.8,131.0,70.4,MEDIUM,🟡 Medium,Schedule maintenance within 30 days; increase monitoring
PUMP-511,Oil Pump,Dubai Processing Plant,48.8,111.0,66.1,MEDIUM,🟡 Medium,Schedule maintenance within 30 days; increase monitoring
HEX-565,Heat Exchanger,Habshan Gas Plant,48.8,155.0,59.1,MEDIUM,🟡 Medium,Schedule maintenance within 30 days; increase monitoring
VALVE-230,Valve,Ruwais Refinery,48.8,125.0,54.2,MEDIUM,🟡 Medium,Schedule maintenance within 30 days; increase monitoring
CFPUMP-569,Centrifugal Pump,Dubai Processing Plant,48.7,130.0,58.6,MEDIUM,🟡 Medium,Schedule maintenance within 30 days; increase monitoring
CFPUMP-319,Centrifugal Pump,Jebel Ali Terminal,48.7,149.0,65.9,MEDIUM,🟡 Medium,Schedule maintenance within 30 days; increase monitoring
COMP-428,Gas Compressor,Shah Gas Facility,48.7,93.0,66.2,MEDIUM,🟡 Medium,Schedule maintenance within 30 days; increase monitoring
CFPUMP-473,Centrifugal Pump,Jebel Ali Terminal,48.5,161.0,50.4,MEDIUM,🟡 Medium,Schedule maintenance within 30 days; increase monitoring
PUMP-288,Oil Pump,Ghasha Offshore Complex,48.5,149.0,58.3,MEDIUM,🟡 Medium,Schedule maintenance within 30 days; increase monitoring
HEX-275,Heat Exchanger,Abu Dhabi Onshore Field,48.4,130.0,58.6,MEDIUM,🟡 Medium,Schedule maintenance within 30 days; increase monitoring
HEX-105,Heat Exchanger,Ghasha Offshore Complex,48.4,135.0,57.4,MEDIUM,🟡 Medium,Schedule maintenance within 30 days; increase monitoring
HEX-641,Heat Exchanger,Ruwais Refinery,48.3,110.0,56.3,MEDIUM,🟡 Medium,Schedule maintenance within 30 days; increase monitoring
HEX-645,Heat Exchanger,Ghasha Offshore Complex,48.3,94.0,48.0,MEDIUM,🟡 Medium,Schedule maintenance within 30 days; increase monitoring
CFPUMP-348,Centrifugal Pump,Habshan Gas Plant,48.2,112.0,67.4,MEDIUM,🟡 Medium,Schedule maintenance within 30 days; increase monitoring
COMP-560,Gas Compressor,Habshan Gas Plant,48.1,154.0,64.0,MEDIUM,🟡 Medium,Schedule maintenance within 30 days; increase monitoring
TURB-119,Turbine,Jebel Ali Terminal,48.1,113.0,61.6,MEDIUM,🟡 Medium,Schedule maintenance within 30 days; increase monitoring
HEX-244,Heat Exchanger,Shah Gas Facility,47.9,177.0,48.8,MEDIUM,🟡 Medium,Schedule maintenance within 30 days; increase monitoring
VALVE-365,Valve,Abu Dhabi Onshore Field,47.9,145.0,57.9,MEDIUM,🟡 Medium,Schedule maintenance within 30 days; increase monitoring
COMP-321,Gas Compressor,Ruwais Refinery,47.8,145.0,61.2,MEDIUM,🟡 Medium,Schedule maintenance within 30 days; increase monitoring
PUMP-185,Oil Pump,Ghasha Offshore Complex,47.8,111.0,63.8,MEDIUM,🟡 Medium,Schedule maintenance within 30 days; increase monitoring
COMP-552,Gas Compressor,Ghasha Offshore Complex,47.6,142.0,58.4,MEDIUM,🟡 Medium,Schedule maintenance within 30 days; increase monitoring
PUMP-292,Oil Pump,Habshan Gas Plant,47.5,154.0,69.6,MEDIUM,🟡 Medium,Schedule maintenance within 30 days; increase monitoring
DRILL-122,Drilling Equipment,Dubai Processing Plant,47.4,119.0,64.7,MEDIUM,🟡 Medium,Schedule maintenance within 30 days; increase monitoring
PUMP-445,Oil Pump,Habshan Gas Plant,47.3,120.0,75.6,MEDIUM,🟡 Medium,Schedule maintenance within 30 days; increase monitoring
TURB-478,Turbine,Jebel Ali Terminal,47.2,70.0,65.1,MEDIUM,🟡 Medium,Schedule maintenance within 30 days; increase monitoring
HEX-227,Heat Exchanger,Abu Dhabi Onshore Field,47.2,119.0,54.2,MEDIUM,🟡 Medium,Schedule maintenance within 30 days; increase monitoring
VALVE-548,Valve,Jebel Ali Terminal,47.1,192.0,48.8,MEDIUM,🟡 Medium,Schedule maintenance within 30 days; increase monitoring
VALVE-345,Valve,Habshan Gas Plant,47.1,131.0,58.5,MEDIUM,🟡 Medium,Schedule maintenance within 30 days; increase monitoring
CFPUMP-179,Centrifugal Pump,Habshan Gas Plant,47.0,133.0,60.4,MEDIUM,🟡 Medium,Schedule maintenance within 30 days; increase monitoring
CFPUMP-187,Centrifugal Pump,Ghasha Offshore Complex,47.0,105.0,52.4,MEDIUM,🟡 Medium,Schedule maintenance within 30 days; increase monitoring
DRILL-220,Drilling Equipment,Abu Dhabi Onshore Field,46.9,105.0,70.7,MEDIUM,🟡 Medium,Schedule maintenance within 30 days; increase monitoring
VALVE-434,Valve,Jebel Ali Terminal,46.9,116.0,55.3,MEDIUM,🟡 Medium,Schedule maintenance within 30 days; increase monitoring
HEX-237,Heat Exchanger,Shah Gas Facility,46.8,131.0,57.6,MEDIUM,🟡 Medium,Schedule maintenance within 30 days; increase monitoring
TURB-106,Turbine,Shah Gas Facility,46.8,131.0,66.7,MEDIUM,🟡 Medium,Schedule maintenance within 30 days; increase monitoring
VALVE-100,Valve,Ghasha Offshore Complex,46.7,179.0,50.5,MEDIUM,🟡 Medium,Schedule maintenance within 30 days; increase monitoring
VALVE-184,Valve,Ruwais Refinery,46.6,158.0,41.3,MEDIUM,🟡 Medium,Schedule maintenance within 30 days; increase monitoring
DRILL-274,Drilling Equipment,Ruwais Refinery,46.5,125.0,68.9,MEDIUM,🟡 Medium,Schedule maintenance within 30 days; increase monitoring
HEX-341,Heat Exchanger,Abu Dhabi Onshore Field,46.5,180.0,62.5,MEDIUM,🟡 Medium,Schedule maintenance within 30 days; increase monitoring
HEX-404,Heat Exchanger,Jebel Ali Terminal,46.4,117.0,60.4,MEDIUM,🟡 Medium,Schedule maintenance within 30 days; increase monitoring
DRILL-343,Drilling Equipment,Jebel Ali Terminal,46.3,151.0,65.4,MEDIUM,🟡 Medium,Schedule maintenance within 30 days; increase monitoring
CFPUMP-431,Centrifugal Pump,Habshan Gas Plant,46.3,122.0,55.3,MEDIUM,🟡 Medium,Schedule maintenance within 30 days; increase monitoring
VALVE-163,Valve,Abu Dhabi Onshore Field,46.2,115.0,51.2,MEDIUM,🟡 Medium,Schedule maintenance within 30 days; increase monitoring
VALVE-284,Valve,Ruwais Refinery,46.1,138.0,53.6,MEDIUM,🟡 Medium,Schedule maintenance within 30 days; increase monitoring
VALVE-598,Valve,Dubai Processing Plant,46.1,167.0,48.0,MEDIUM,🟡 Medium,Schedule maintenance within 30 days; increase monitoring
CFPUMP-517,Centrifugal Pump,Jebel Ali Terminal,46.1,155.0,64.0,MEDIUM,🟡 Medium,Schedule maintenance within 30 days; increase monitoring
VALVE-558,Valve,Abu Dhabi Onshore Field,46.0,132.0,52.7,MEDIUM,🟡 Medium,Schedule maintenance within 30 days; increase monitoring
TURB-571,Turbine,Shah Gas Facility,45.9,145.0,64.2,MEDIUM,🟡 Medium,Schedule maintenance within 30 days; increase monitoring
PUMP-242,Oil Pump,Ghasha Offshore Complex,45.9,112.0,69.2,MEDIUM,🟡 Medium,Schedule maintenance within 30 days; increase monitoring
TURB-533,Turbine,Abu Dhabi Onshore Field,45.8,101.0,58.0,MEDIUM,🟡 Medium,Schedule maintenance within 30 days; increase monitoring
CFPUMP-313,Centrifugal Pump,Dubai Processing Plant,45.7,167.0,62.6,MEDIUM,🟡 Medium,Schedule maintenance within 30 days; increase monitoring
HEX-165,Heat Exchanger,Jebel Ali Terminal,45.6,122.0,48.8,MEDIUM,🟡 Medium,Schedule maintenance within 30 days; increase monitoring
CFPUMP-564,Centrifugal Pump,Jebel Ali Terminal,45.5,121.0,62.7,MEDIUM,🟡 Medium,Schedule maintenance within 30 days; increase monitoring
COMP-467,Gas Compressor,Abu Dhabi Onshore Field,45.5,150.0,57.3,MEDIUM,🟡 Medium,Schedule maintenance within 30 days; increase monitoring
DRILL-134,Drilling Equipment,Ghasha Offshore Complex,45.5,104.0,63.6,MEDIUM,🟡 Medium,Schedule maintenance within 30 days; increase monitoring
TURB-232,Turbine,Shah Gas Facility,45.4,127.0,67.7,MEDIUM,🟡 Medium,Schedule maintenance within 30 days; increase monitoring
DRILL-212,Drilling Equipment,Dubai Processing Plant,45.4,86.0,66.6,MEDIUM,🟡 Medium,Schedule maintenance within 30 days; increase monitoring
CFPUMP-318,Centrifugal Pump,Habshan Gas Plant,45.2,162.0,61.7,MEDIUM,🟡 Medium,Schedule maintenance within 30 days; increase monitoring
PUMP-120,Oil Pump,Jebel Ali Terminal,45.2,146.0,66.7,MEDIUM,🟡 Medium,Schedule maintenance within 30 days; increase monitoring
DRILL-373,Drilling Equipment,Dubai Processing Plant,45.1,83.0,65.2,MEDIUM,🟡 Medium,Schedule maintenance within 30 days; increase monitoring
PUMP-215,Oil Pump,Dubai Processing Plant,44.8,156.0,66.9,MEDIUM,🟡 Medium,Schedule maintenance within 30 days; increase monitoring
PUMP-209,Oil Pump,Jebel Ali Terminal,44.7,147.0,69.3,MEDIUM,🟡 Medium,Schedule maintenance within 30 days; increase monitoring
COMP-619,Gas Compressor,Dubai Processing Plant,44.6,165.0,68.0,MEDIUM,🟡 Medium,Schedule maintenance within 30 days; increase monitoring
DRILL-603,Drilling Equipment,Habshan Gas Plant,44.5,113.0,73.5,MEDIUM,🟡 Medium,Schedule maintenance within 30 days; increase monitoring
CFPUMP-154,Centrifugal Pump,Shah Gas Facility,44.5,166.0,63.1,MEDIUM,🟡 Medium,Schedule maintenance within 30 days; increase monitoring
VALVE-197,Valve,Ruwais Refinery,44.5,110.0,52.1,MEDIUM,🟡 Medium,Schedule maintenance within 30 days; increase monitoring
PUMP-193,Oil Pump,Abu Dhabi Onshore Field,44.1,108.0,68.1,MEDIUM,🟡 Medium,Schedule maintenance within 30 days; increase monitoring
CFPUMP-114,Centrifugal Pump,Ghasha Offshore Complex,44.0,140.0,62.6,MEDIUM,🟡 Medium,Schedule maintenance within 30 days; increase monitoring
DRILL-265,Drilling Equipment,Shah Gas Facility,43.9,171.0,59.4,MEDIUM,🟡 Medium,Schedule maintenance within 30 days; increase monitoring
PUMP-472,Oil Pump,Ruwais Refinery,43.9,179.0,67.0,MEDIUM,🟡 Medium,Schedule maintenance within 30 days; increase monitoring
VALVE-101,Valve,Ruwais Refinery,43.8,140.0,57.1,MEDIUM,🟡 Medium,Schedule maintenance within 30 days; increase monitoring
HEX-470,Heat Exchanger,Abu Dhabi Onshore Field,43.8,141.0,63.4,MEDIUM,🟡 Medium,Schedule maintenance within 30 days; increase monitoring
HEX-240,Heat Exchanger,Ruwais Refinery,43.8,103.0,54.8,MEDIUM,🟡 Medium,Schedule maintenance within 30 days; increase monitoring
VALVE-427,Valve,Dubai Processing Plant,43.7,162.0,49.5,MEDIUM,🟡 Medium,Schedule maintenance within 30 days; increase monitoring
COMP-639,Gas Compressor,Jebel Ali Terminal,43.7,125.0,68.5,MEDIUM,🟡 Medium,Schedule maintenance within 30 days; increase monitoring
DRILL-510,Drilling Equipment,Ruwais Refinery,43.7,162.0,66.0,MEDIUM,🟡 Medium,Schedule maintenance within 30 days; increase monitoring
PUMP-468,Oil Pump,Shah Gas Facility,43.5,124.0,63.2,MEDIUM,🟡 Medium,Schedule maintenance within 30 days; increase monitoring
CFPUMP-282,Centrifugal Pump,Dubai Processing Plant,43.4,124.0,68.1,MEDIUM,🟡 Medium,Schedule maintenance within 30 days; increase monitoring
CFPUMP-559,Centrifugal Pump,Shah Gas Facility,43.4,131.0,66.0,MEDIUM,🟡 Medium,Schedule maintenance within 30 days; increase monitoring
CFPUMP-471,Centrifugal Pump,Abu Dhabi Onshore Field,43.3,190.0,65.1,MEDIUM,🟡 Medium,Schedule maintenance within 30 days; increase monitoring
PUMP-123,Oil Pump,Dubai Processing Plant,43.3,208.0,70.9,MEDIUM,🟡 Medium,Schedule maintenance within 30 days; increase monitoring
COMP-252,Gas Compressor,Jebel Ali Terminal,43.3,144.0,66.7,MEDIUM,🟡 Medium,Schedule maintenance within 30 days; increase monitoring
TURB-261,Turbine,Dubai Processing Plant,43.2,119.0,71.2,MEDIUM,🟡 Medium,Schedule maintenance within 30 days; increase monitoring
VALVE-351,Valve,Shah Gas Facility,43.2,173.0,55.4,MEDIUM,🟡 Medium,Schedule maintenance within 30 days; increase monitoring
DRILL-418,Drilling Equipment,Ruwais Refinery,43.0,93.0,70.1,MEDIUM,🟡 Medium,Schedule maintenance within 30 days; increase monitoring
DRILL-297,Drilling Equipment,Abu Dhabi Onshore Field,42.9,135.0,69.4,MEDIUM,🟡 Medium,Schedule maintenance within 30 days; increase monitoring
PUMP-177,Oil Pump,Abu Dhabi Onshore Field,42.8,153.0,66.7,MEDIUM,🟡 Medium,Schedule maintenance within 30 days; increase monitoring
PUMP-593,Oil Pump,Dubai Processing Plant,42.8,163.0,67.0,MEDIUM,🟡 Medium,Schedule maintenance within 30 days; increase monitoring
CFPUMP-347,Centrifugal Pump,Ruwais Refinery,42.8,126.0,74.6,MEDIUM,🟡 Medium,Schedule maintenance within 30 days; increase monitoring
TURB-497,Turbine,Habshan Gas Plant,42.7,96.0,70.5,MEDIUM,🟡 Medium,Schedule maintenance within 30 days; increase monitoring
CFPUMP-205,Centrifugal Pump,Ruwais Refinery,42.7,129.0,65.4,MEDIUM,🟡 Medium,Schedule maintenance within 30 days; increase monitoring
VALVE-299,Valve,Abu Dhabi Onshore Field,42.6,145.0,39.9,MEDIUM,🟡 Medium,Schedule maintenance within 30 days; increase monitoring
DRILL-502,Drilling Equipment,Shah Gas Facility,42.6,103.0,68.2,MEDIUM,🟡 Medium,Schedule maintenance within 30 days; increase monitoring
PUMP-340,Oil Pump,Ghasha Offshore Complex,42.5,176.0,65.7,MEDIUM,🟡 Medium,Schedule maintenance within 30 days; increase monitoring
CFPUMP-332,Centrifugal Pump,Dubai Processing Plant,42.4,168.0,65.5,MEDIUM,🟡 Medium,Schedule maintenance within 30 days; increase monitoring
VALVE-492,Valve,Shah Gas Facility,42.4,96.0,58.6,MEDIUM,🟡 Medium,Schedule maintenance within 30 days; increase monitoring
TURB-520,Turbine,Jebel Ali Terminal,42.3,123.0,63.9,MEDIUM,🟡 Medium,Schedule maintenance within 30 days; increase monitoring
VALVE-638,Valve,Jebel Ali Terminal,42.2,128.0,61.4,MEDIUM,🟡 Medium,Schedule maintenance within 30 days; increase monitoring
COMP-320,Gas Compressor,Habshan Gas Plant,42.1,117.0,58.1,MEDIUM,🟡 Medium,Schedule maintenance within 30 days; increase monitoring
DRILL-243,Drilling Equipment,Habshan Gas Plant,42.1,144.0,66.1,MEDIUM,🟡 Medium,Schedule maintenance within 30 days; increase monitoring
DRILL-482,Drilling Equipment,Ruwais Refinery,42.1,91.0,65.8,MEDIUM,🟡 Medium,Schedule maintenance within 30 days; increase monitoring
DRILL-487,Drilling Equipment,Ghasha Offshore Complex,42.0,129.0,78.7,MEDIUM,🟡 Medium,Schedule maintenance within 30 days; increase monitoring
HEX-649,Heat Exchanger,Shah Gas Facility,42.0,192.0,59.2,MEDIUM,🟡 Medium,Schedule maintenance within 30 days; increase monitoring
CFPUMP-580,Centrifugal Pump,Habshan Gas Plant,42.0,142.0,67.4,MEDIUM,🟡 Medium,Schedule maintenance within 30 days; increase monitoring
VALVE-546,Valve,Jebel Ali Terminal,41.9,145.0,64.1,MEDIUM,🟡 Medium,Schedule maintenance within 30 days; increase monitoring
HEX-581,Heat Exchanger,Jebel Ali Terminal,41.8,155.0,59.1,MEDIUM,🟡 Medium,Schedule maintenance within 30 days; increase monitoring
CFPUMP-508,Centrifugal Pump,Jebel Ali Terminal,41.7,160.0,50.8,MEDIUM,🟡 Medium,Schedule maintenance within 30 days; increase monitoring
CFPUMP-129,Centrifugal Pump,Dubai Processing Plant,41.5,148.0,75.4,MEDIUM,🟡 Medium,Schedule maintenance within 30 days; increase monitoring
VALVE-207,Valve,Ruwais Refinery,41.5,184.0,54.8,MEDIUM,🟡 Medium,Schedule maintenance within 30 days; increase monitoring
HEX-303,Heat Exchanger,Jebel Ali Terminal,41.5,124.0,62.9,MEDIUM,🟡 Medium,Schedule maintenance within 30 days; increase monitoring
VALVE-144,Valve,Abu Dhabi Onshore Field,41.4,159.0,54.2,MEDIUM,🟡 Medium,Schedule maintenance within 30 days; increase monitoring
CFPUMP-245,Centrifugal Pump,Abu Dhabi Onshore Field,41.4,171.0,59.7,MEDIUM,🟡 Medium,Schedule maintenance within 30 days; increase monitoring
PUMP-210,Oil Pump,Ruwais Refinery,41.2,164.0,73.7,MEDIUM,🟡 Medium,Schedule maintenance within 30 days; increase monitoring
VALVE-505,Valve,Habshan Gas Plant,41.2,131.0,53.2,MEDIUM,🟡 Medium,Schedule maintenance within 30 days; increase monitoring
COMP-161,Gas Compressor,Ghasha Offshore Complex,41.1,97.0,57.9,MEDIUM,🟡 Medium,Schedule maintenance within 30 days; increase monitoring
PUMP-526,Oil Pump,Jebel Ali Terminal,41.1,197.0,73.7,MEDIUM,🟡 Medium,Schedule maintenance within 30 days; increase monitoring
HEX-420,Heat Exchanger,Dubai Processing Plant,41.0,139.0,59.4,MEDIUM,🟡 Medium,Schedule maintenance within 30 days; increase monitoring
COMP-524,Gas Compressor,Ghasha Offshore Complex,41.0,156.0,73.9,MEDIUM,🟡 Medium,Schedule maintenance within 30 days; increase monitoring
HEX-111,Heat Exchanger,Ghasha Offshore Complex,40.9,176.0,52.9,MEDIUM,🟡 Medium,Schedule maintenance within 30 days; increase monitoring
HEX-557,Heat Exchanger,Habshan Gas Plant,40.7,164.0,41.4,MEDIUM,🟡 Medium,Schedule maintenance within 30 days; increase monitoring
CFPUMP-121,Centrifugal Pump,Abu Dhabi Onshore Field,40.7,159.0,75.6,MEDIUM,🟡 Medium,Schedule maintenance within 30 days; increase monitoring
TURB-236,Turbine,Ruwais Refinery,40.7,201.0,69.1,MEDIUM,🟡 Medium,Schedule maintenance within 30 days; increase monitoring
PUMP-633,Oil Pump,Ghasha Offshore Complex,40.6,146.0,77.4,MEDIUM,🟡 Medium,Schedule maintenance within 30 days; increase monitoring
HEX-295,Heat Exchanger,Jebel Ali Terminal,40.6,108.0,45.0,MEDIUM,🟡 Medium,Schedule maintenance within 30 days; increase monitoring
PUMP-142,Oil Pump,Habshan Gas Plant,40.5,176.0,71.7,MEDIUM,🟡 Medium,Schedule maintenance within 30 days; increase monitoring
COMP-124,Gas Compressor,Ghasha Offshore Complex,40.4,124.0,74.7,MEDIUM,🟡 Medium,Schedule maintenance within 30 days; increase monitoring
PUMP-176,Oil Pump,Jebel Ali Terminal,40.4,141.0,73.3,MEDIUM,🟡 Medium,Schedule maintenance within 30 days; increase monitoring
PUMP-488,Oil Pump,Habshan Gas Plant,40.2,169.0,68.6,MEDIUM,🟡 Medium,Schedule maintenance within 30 days; increase monitoring
TURB-180,Turbine,Jebel Ali Terminal,40.1,101.0,42.9,MEDIUM,🟡 Medium,Schedule maintenance within 30 days; increase monitoring
HEX-301,Heat Exchanger,Ghasha Offshore Complex,40.0,136.0,64.5,MEDIUM,🟡 Medium,Schedule maintenance within 30 days; increase monitoring
HEX-246,Heat Exchanger,Abu Dhabi Onshore Field,40.0,149.0,57.4,MEDIUM,🟡 Medium,Schedule maintenance within 30 days; increase monitoring
VALVE-454,Valve,Ruwais Refinery,39.7,171.0,63.0,MEDIUM,🟡 Medium,Schedule maintenance within 30 days; increase monitoring
PUMP-607,Oil Pump,Jebel Ali Terminal,39.7,194.0,68.3,MEDIUM,🟡 Medium,Schedule maintenance within 30 days; increase monitoring
HEX-339,Heat Exchanger,Ruwais Refinery,39.6,157.0,66.0,MEDIUM,🟡 Medium,Schedule maintenance within 30 days; increase monitoring
VALVE-626,Valve,Ghasha Offshore Complex,39.6,134.0,57.8,MEDIUM,🟡 Medium,Schedule maintenance within 30 days; increase monitoring
HEX-549,Heat Exchanger,Ruwais Refinery,39.6,111.0,53.1,MEDIUM,🟡 Medium,Schedule maintenance within 30 days; increase monitoring
PUMP-379,Oil Pump,Shah Gas Facility,39.6,191.0,70.3,MEDIUM,🟡 Medium,Schedule maintenance within 30 days; increase monitoring
PUMP-453,Oil Pump,Jebel Ali Terminal,39.5,171.0,73.1,MEDIUM,🟡 Medium,Schedule maintenance within 30 days; increase monitoring
CFPUMP-367,Centrifugal Pump,Jebel Ali Terminal,39.5,185.0,63.5,MEDIUM,🟡 Medium,Schedule maintenance within 30 days; increase monitoring
COMP-476,Gas Compressor,Habshan Gas Plant,39.5,182.0,75.4,MEDIUM,🟡 Medium,Schedule maintenance within 30 days; increase monitoring
TURB-440,Turbine,Ruwais Refinery,39.4,124.0,66.1,MEDIUM,🟡 Medium,Schedule maintenance within 30 days; increase monitoring
HEX-204,Heat Exchanger,Ruwais Refinery,39.4,150.0,64.5,MEDIUM,🟡 Medium,Schedule maintenance within 30 days; increase monitoring
VALVE-369,Valve,Ruwais Refinery,39.3,154.0,53.9,MEDIUM,🟡 Medium,Schedule maintenance within 30 days; increase monitoring
TURB-550,Turbine,Shah Gas Facility,39.3,138.0,63.6,MEDIUM,🟡 Medium,Schedule maintenance within 30 days; increase monitoring
COMP-646,Gas Compressor,Jebel Ali Terminal,39.2,93.0,62.8,MEDIUM,🟡 Medium,Schedule maintenance within 30 days; increase monitoring
HEX-293,Heat Exchanger,Jebel Ali Terminal,39.2,136.0,63.9,MEDIUM,🟡 Medium,Schedule maintenance within 30 days; increase monitoring
PUMP-415,Oil Pump,Habshan Gas Plant,39.2,199.0,75.0,MEDIUM,🟡 Medium,Schedule maintenance within 30 days; increase monitoring
VALVE-156,Valve,Shah Gas Facility,39.1,183.0,55.6,MEDIUM,🟡 Medium,Schedule maintenance within 30 days; increase monitoring
COMP-518,Gas Compressor,Shah Gas Facility,39.1,111.0,54.5,MEDIUM,🟡 Medium,Schedule maintenance within 30 days; increase monitoring
HEX-381,Heat Exchanger,Habshan Gas Plant,39.0,157.0,68.7,MEDIUM,🟡 Medium,Schedule maintenance within 30 days; increase monitoring
VALVE-493,Valve,Abu Dhabi Onshore Field,39.0,147.0,64.2,MEDIUM,🟡 Medium,Schedule maintenance within 30 days; increase monitoring
HEX-286,Heat Exchanger,Dubai Processing Plant,39.0,191.0,65.1,MEDIUM,🟡 Medium,Schedule maintenance within 30 days; increase monitoring
TURB-223,Turbine,Shah Gas Facility,38.9,168.0,70.6,MEDIUM,🟡 Medium,Schedule maintenance within 30 days; increase monitoring
TURB-600,Turbine,Ruwais Refinery,38.9,181.0,69.5,MEDIUM,🟡 Medium,Schedule maintenance within 30 days; increase monitoring
DRILL-545,Drilling Equipment,Abu Dhabi Onshore Field,38.9,163.0,63.9,MEDIUM,🟡 Medium,Schedule maintenance within 30 days; increase monitoring
VALVE-263,Valve,Abu Dhabi Onshore Field,38.8,117.0,54.1,MEDIUM,🟡 Medium,Schedule maintenance within 30 days; increase monitoring
DRILL-416,Drilling Equipment,Ghasha Offshore Complex,38.7,149.0,71.7,MEDIUM,🟡 Medium,Schedule maintenance within 30 days; increase monitoring
CFPUMP-430,Centrifugal Pump,Abu Dhabi Onshore Field,38.5,151.0,68.1,MEDIUM,🟡 Medium,Schedule maintenance within 30 days; increase monitoring
COMP-543,Gas Compressor,Jebel Ali Terminal,38.4,133.0,72.0,MEDIUM,🟡 Medium,Schedule maintenance within 30 days; increase monitoring
DRILL-588,Drilling Equipment,Ghasha Offshore Complex,38.3,160.0,73.4,MEDIUM,🟡 Medium,Schedule maintenance within 30 days; increase monitoring
PUMP-317,Oil Pump,Dubai Processing Plant,38.2,202.0,80.3,MEDIUM,🟡 Medium,Schedule maintenance within 30 days; increase monitoring
CFPUMP-338,Centrifugal Pump,Abu Dhabi Onshore Field,38.2,158.0,65.7,MEDIUM,🟡 Medium,Schedule maintenance within 30 days; increase monitoring
PUMP-604,Oil Pump,Abu Dhabi Onshore Field,38.1,158.0,80.7,MEDIUM,🟡 Medium,Schedule maintenance within 30 days; increase monitoring
DRILL-572,Drilling Equipment,Shah Gas Facility,38.1,166.0,78.8,MEDIUM,🟡 Medium,Schedule maintenance within 30 days; increase monitoring
DRILL-514,Drilling Equipment,Dubai Processing Plant,38.0,177.0,67.9,MEDIUM,🟡 Medium,Schedule maintenance within 30 days; increase monitoring
CFPUMP-277,Centrifugal Pump,Habshan Gas Plant,38.0,149.0,73.2,MEDIUM,🟡 Medium,Schedule maintenance within 30 days; increase monitoring
PUMP-387,Oil Pump,Abu Dhabi Onshore Field,37.7,143.0,72.3,MEDIUM,🟡 Medium,Schedule maintenance within 30 days; increase monitoring
PUMP-349,Oil Pump,Jebel Ali Terminal,37.7,151.0,78.0,MEDIUM,🟡 Medium,Schedule maintenance within 30 days; increase monitoring
HEX-531,Heat Exchanger,Shah Gas Facility,37.6,175.0,60.4,MEDIUM,🟡 Medium,Schedule maintenance within 30 days; increase monitoring
TURB-251,Turbine,Dubai Processing Plant,37.4,136.0,58.1,MEDIUM,🟡 Medium,Schedule maintenance within 30 days; increase monitoring
DRILL-621,Drilling Equipment,Shah Gas Facility,37.4,163.0,65.2,MEDIUM,🟡 Medium,Schedule maintenance within 30 days; increase monitoring
TURB-528,Turbine,Jebel Ali Terminal,37.4,148.0,73.1,MEDIUM,🟡 Medium,Schedule maintenance within 30 days; increase monitoring
DRILL-477,Drilling Equipment,Ruwais Refinery,37.4,151.0,54.7,MEDIUM,🟡 Medium,Schedule maintenance within 30 days; increase monitoring
PUMP-399,Oil Pump,Abu Dhabi Onshore Field,37.3,171.0,77.3,MEDIUM,🟡 Medium,Schedule maintenance within 30 days; increase monitoring
CFPUMP-267,Centrifugal Pump,Dubai Processing Plant,37.2,210.0,71.8,MEDIUM,🟡 Medium,Schedule maintenance within 30 days; increase monitoring
CFPUMP-507,Centrifugal Pump,Ghasha Offshore Complex,37.1,141.0,77.0,MEDIUM,🟡 Medium,Schedule maintenance within 30 days; increase monitoring
HEX-102,Heat Exchanger,Habshan Gas Plant,37.1,201.0,68.7,MEDIUM,🟡 Medium,Schedule maintenance within 30 days; increase monitoring
COMP-214,Gas Compressor,Abu Dhabi Onshore Field,37.1,169.0,74.0,MEDIUM,🟡 Medium,Schedule maintenance within 30 days; increase monitoring
TURB-570,Turbine,Habshan Gas Plant,37.1,183.0,76.6,MEDIUM,🟡 Medium,Schedule maintenance within 30 days; increase monitoring
COMP-439,Gas Compressor,Shah Gas Facility,37.0,148.0,76.7,MEDIUM,🟡 Medium,Schedule maintenance within 30 days; increase monitoring
TURB-309,Turbine,Dubai Processing Plant,37.0,83.0,72.5,MEDIUM,🟡 Medium,Schedule maintenance within 30 days; increase monitoring
TURB-198,Turbine,Abu Dhabi Onshore Field,36.9,101.0,56.7,MEDIUM,🟡 Medium,Schedule maintenance within 30 days; increase monitoring
VALVE-270,Valve,Shah Gas Facility,36.8,197.0,60.8,MEDIUM,🟡 Medium,Schedule maintenance within 30 days; increase monitoring
COMP-253,Gas Compressor,Ruwais Refinery,36.8,207.0,72.1,MEDIUM,🟡 Medium,Schedule maintenance within 30 days; increase monitoring
DRILL-535,Drilling Equipment,Ghasha Offshore Complex,36.8,157.0,77.2,MEDIUM,🟡 Medium,Schedule maintenance within 30 days; increase monitoring
DRILL-174,Drilling Equipment,Ruwais Refinery,36.8,131.0,62.8,MEDIUM,🟡 Medium,Schedule maintenance within 30 days; increase monitoring
HEX-642,Heat Exchanger,Ruwais Refinery,36.7,115.0,53.0,MEDIUM,🟡 Medium,Schedule maintenance within 30 days; increase monitoring
PUMP-423,Oil Pump,Ruwais Refinery,36.7,167.0,65.0,MEDIUM,🟡 Medium,Schedule maintenance within 30 days; increase monitoring
VALVE-563,Valve,Ghasha Offshore Complex,36.6,152.0,58.3,MEDIUM,🟡 Medium,Schedule maintenance within 30 days; increase monitoring
DRILL-108,Drilling Equipment,Dubai Processing Plant,36.6,165.0,68.6,MEDIUM,🟡 Medium,Schedule maintenance within 30 days; increase monitoring
COMP-624,Gas Compressor,Dubai Processing Plant,36.4,202.0,64.2,MEDIUM,🟡 Medium,Schedule maintenance within 30 days; increase monitoring
DRILL-432,Drilling Equipment,Ruwais Refinery,36.4,209.0,75.4,MEDIUM,🟡 Medium,Schedule maintenance within 30 days; increase monitoring
HEX-329,Heat Exchanger,Abu Dhabi Onshore Field,36.2,130.0,60.9,MEDIUM,🟡 Medium,Schedule maintenance within 30 days; increase monitoring
COMP-302,Gas Compressor,Dubai Processing Plant,36.2,135.0,67.3,MEDIUM,🟡 Medium,Schedule maintenance within 30 days; increase monitoring
COMP-464,Gas Compressor,Shah Gas Facility,36.2,124.0,59.9,MEDIUM,🟡 Medium,Schedule maintenance within 30 days; increase monitoring
PUMP-310,Oil Pump,Habshan Gas Plant,36.1,160.0,85.2,MEDIUM,🟡 Medium,Schedule maintenance within 30 days; increase monitoring
PUMP-547,Oil Pump,Abu Dhabi Onshore Field,36.1,187.0,74.6,MEDIUM,🟡 Medium,Schedule maintenance within 30 days; increase monitoring
HEX-182,Heat Exchanger,Abu Dhabi Onshore Field,36.0,177.0,68.4,MEDIUM,🟡 Medium,Schedule maintenance within 30 days; increase monitoring
CFPUMP-141,Centrifugal Pump,Ghasha Offshore Complex,35.8,184.0,67.5,MEDIUM,🟡 Medium,Schedule maintenance within 30 days; increase monitoring
CFPUMP-378,Centrifugal Pump,Abu Dhabi Onshore Field,35.8,151.0,77.6,MEDIUM,🟡 Medium,Schedule maintenance within 30 days; increase monitoring
HEX-363,Heat Exchanger,Abu Dhabi Onshore Field,35.7,138.0,63.4,MEDIUM,🟡 Medium,Schedule maintenance within 30 days; increase monitoring
TURB-354,Turbine,Dubai Processing Plant,35.6,152.0,63.7,MEDIUM,🟡 Medium,Schedule maintenance within 30 days; increase monitoring
VALVE-135,Valve,Jebel Ali Terminal,35.5,199.0,60.2,MEDIUM,🟡 Medium,Schedule maintenance within 30 days; increase monitoring
DRILL-635,Drilling Equipment,Shah Gas Facility,35.5,174.0,76.7,MEDIUM,🟡 Medium,Schedule maintenance within 30 days; increase monitoring
PUMP-202,Oil Pump,Abu Dhabi Onshore Field,35.5,203.0,74.2,MEDIUM,🟡 Medium,Schedule maintenance within 30 days; increase monitoring
DRILL-541,Drilling Equipment,Ghasha Offshore Complex,35.2,165.0,82.0,MEDIUM,🟡 Medium,Schedule maintenance within 30 days; increase monitoring
COMP-191,Gas Compressor,Dubai Processing Plant,35.2,143.0,67.8,MEDIUM,🟡 Medium,Schedule maintenance within 30 days; increase monitoring
HEX-525,Heat Exchanger,Dubai Processing Plant,35.1,173.0,43.9,MEDIUM,🟡 Medium,Schedule maintenance within 30 days; increase monitoring
HEX-587,Heat Exchanger,Habshan Gas Plant,35.1,160.0,67.2,MEDIUM,🟡 Medium,Schedule maintenance within 30 days; increase monitoring
PUMP-447,Oil Pump,Dubai Processing Plant,35.1,162.0,69.6,MEDIUM,🟡 Medium,Schedule maintenance within 30 days; increase monitoring
HEX-350,Heat Exchanger,Dubai Processing Plant,35.0,187.0,55.9,MEDIUM,🟡 Medium,Schedule maintenance within 30 days; increase monitoring
VALVE-335,Valve,Habshan Gas Plant,34.8,166.0,64.3,MEDIUM,🟡 Medium,Schedule maintenance within 30 days; increase monitoring
VALVE-113,Valve,Dubai Processing Plant,34.7,160.0,64.1,MEDIUM,🟡 Medium,Schedule maintenance within 30 days; increase monitoring
PUMP-425,Oil Pump,Abu Dhabi Onshore Field,34.6,203.0,70.9,MEDIUM,🟡 Medium,Schedule maintenance within 30 days; increase monitoring
VALVE-553,Valve,Habshan Gas Plant,34.6,175.0,51.1,MEDIUM,🟡 Medium,Schedule maintenance within 30 days; increase monitoring
HEX-643,Heat Exchanger,Ghasha Offshore Complex,34.3,138.0,64.3,MEDIUM,🟡 Medium,Schedule maintenance within 30 days; increase monitoring
DRILL-291,Drilling Equipment,Shah Gas Facility,34.3,158.0,74.5,MEDIUM,🟡 Medium,Schedule maintenance within 30 days; increase monitoring
CFPUMP-374,Centrifugal Pump,Habshan Gas Plant,34.2,190.0,71.1,MEDIUM,🟡 Medium,Schedule maintenance within 30 days; increase monitoring
COMP-149,Gas Compressor,Jebel Ali Terminal,34.1,178.0,72.8,MEDIUM,🟡 Medium,Schedule maintenance within 30 days; increase monitoring
CFPUMP-126,Centrifugal Pump,Habshan Gas Plant,34.1,149.0,61.2,MEDIUM,🟡 Medium,Schedule maintenance within 30 days; increase monitoring
TURB-412,Turbine,Ruwais Refinery,34.1,127.0,58.7,MEDIUM,🟡 Medium,Schedule maintenance within 30 days; increase monitoring
COMP-359,Gas Compressor,Abu Dhabi Onshore Field,33.6,175.0,80.8,MEDIUM,🟡 Medium,Schedule maintenance within 30 days; increase monitoring
CFPUMP-281,Centrifugal Pump,Habshan Gas Plant,33.5,173.0,64.7,MEDIUM,🟡 Medium,Schedule maintenance within 30 days; increase monitoring
COMP-396,Gas Compressor,Ghasha Offshore Complex,33.3,207.0,74.8,MEDIUM,🟡 Medium,Schedule maintenance within 30 days; increase monitoring
DRILL-298,Drilling Equipment,Ghasha Offshore Complex,33.2,201.0,78.2,MEDIUM,🟡 Medium,Schedule maintenance within 30 days; increase monitoring
CFPUMP-228,Centrifugal Pump,Abu Dhabi Onshore Field,33.0,205.0,74.2,MEDIUM,🟡 Medium,Schedule maintenance within 30 days; increase monitoring
COMP-330,Gas Compressor,Habshan Gas Plant,32.6,132.0,68.9,MEDIUM,🟡 Medium,Schedule maintenance within 30 days; increase monitoring
CFPUMP-384,Centrifugal Pump,Habshan Gas Plant,32.3,167.0,76.5,MEDIUM,🟡 Medium,Schedule maintenance within 30 days; increase monitoring
PUMP-522,Oil Pump,Shah Gas Facility,32.3,211.0,88.4,MEDIUM,🟡 Medium,Schedule maintenance within 30 days; increase monitoring
DRILL-234,Drilling Equipment,Shah Gas Facility,32.2,161.0,75.9,MEDIUM,🟡 Medium,Schedule maintenance within 30 days; increase monitoring
VALVE-573,Valve,Jebel Ali Terminal,32.2,203.0,63.5,MEDIUM,🟡 Medium,Schedule maintenance within 30 days; increase monitoring
PUMP-112,Oil Pump,Ruwais Refinery,32.2,179.0,80.9,MEDIUM,🟡 Medium,Schedule maintenance within 30 days; increase monitoring
VALVE-590,Valve,Shah Gas Facility,32.0,177.0,63.7,MEDIUM,🟡 Medium,Schedule maintenance within 30 days; increase monitoring
TURB-457,Turbine,Ruwais Refinery,31.9,179.0,80.6,MEDIUM,🟡 Medium,Schedule maintenance within 30 days; increase monitoring
TURB-178,Turbine,Shah Gas Facility,31.8,155.0,66.3,MEDIUM,🟡 Medium,Schedule maintenance within 30 days; increase monitoring
PUMP-342,Oil Pump,Jebel Ali Terminal,31.7,204.0,81.6,MEDIUM,🟡 Medium,Schedule maintenance within 30 days; increase monitoring
HEX-327,Heat Exchanger,Ruwais Refinery,31.7,189.0,75.6,MEDIUM,🟡 Medium,Schedule maintenance within 30 days; increase monitoring
CFPUMP-109,Centrifugal Pump,Habshan Gas Plant,31.7,226.0,76.0,MEDIUM,🟡 Medium,Schedule maintenance within 30 days; increase monitoring
HEX-361,Heat Exchanger,Habshan Gas Plant,31.7,167.0,70.1,MEDIUM,🟡 Medium,Schedule maintenance within 30 days; increase monitoring
VALVE-390,Valve,Abu Dhabi Onshore Field,31.6,228.0,67.8,MEDIUM,🟡 Medium,Schedule maintenance within 30 days; increase monitoring
VALVE-504,Valve,Ruwais Refinery,31.5,204.0,58.5,MEDIUM,🟡 Medium,Schedule maintenance within 30 days; increase monitoring
VALVE-503,Valve,Jebel Ali Terminal,31.5,209.0,57.3,MEDIUM,🟡 Medium,Schedule maintenance within 30 days; increase monitoring
COMP-496,Gas Compressor,Dubai Processing Plant,31.5,216.0,82.5,MEDIUM,🟡 Medium,Schedule maintenance within 30 days; increase monitoring
PUMP-414,Oil Pump,Ruwais Refinery,31.3,179.0,74.1,MEDIUM,🟡 Medium,Schedule maintenance within 30 days; increase monitoring
COMP-370,Gas Compressor,Ruwais Refinery,31.3,175.0,59.7,MEDIUM,🟡 Medium,Schedule maintenance within 30 days; increase monitoring
VALVE-474,Valve,Shah Gas Facility,31.2,176.0,60.9,MEDIUM,🟡 Medium,Schedule maintenance within 30 days; increase monitoring
DRILL-196,Drilling Equipment,Jebel Ali Terminal,31.2,111.0,72.2,MEDIUM,🟡 Medium,Schedule maintenance within 30 days; increase monitoring
HEX-424,Heat Exchanger,Ghasha Offshore Complex,31.1,177.0,76.8,MEDIUM,🟡 Medium,Schedule maintenance within 30 days; increase monitoring
CFPUMP-501,Centrifugal Pump,Shah Gas Facility,31.0,165.0,69.9,MEDIUM,🟡 Medium,Schedule maintenance within 30 days; increase monitoring
VALVE-268,Valve,Jebel Ali Terminal,31.0,165.0,69.2,MEDIUM,🟡 Medium,Schedule maintenance within 30 days; increase monitoring
HEX-450,Heat Exchanger,Dubai Processing Plant,31.0,150.0,62.5,MEDIUM,🟡 Medium,Schedule maintenance within 30 days; increase monitoring
DRILL-136,Drilling Equipment,Jebel Ali Terminal,30.8,148.0,84.9,MEDIUM,🟡 Medium,Schedule maintenance within 30 days; increase monitoring
CFPUMP-131,Centrifugal Pump,Shah Gas Facility,30.7,211.0,69.8,MEDIUM,🟡 Medium,Schedule maintenance within 30 days; increase monitoring
VALVE-159,Valve,Ruwais Refinery,30.5,163.0,75.0,MEDIUM,🟡 Medium,Schedule maintenance within 30 days; increase monitoring
HEX-498,Heat Exchanger,Abu Dhabi Onshore Field,30.5,162.0,64.5,MEDIUM,🟡 Medium,Schedule maintenance within 30 days; increase monitoring
VALVE-116,Valve,Shah Gas Facility,30.4,199.0,59.0,MEDIUM,🟡 Medium,Schedule maintenance within 30 days; increase monitoring
VALVE-139,Valve,Habshan Gas Plant,30.4,203.0,58.5,MEDIUM,🟡 Medium,Schedule maintenance within 30 days; increase monitoring
COMP-256,Gas Compressor,Jebel Ali Terminal,30.3,215.0,71.8,MEDIUM,🟡 Medium,Schedule maintenance within 30 days; increase monitoring
HEX-460,Heat Exchanger,Dubai Processing Plant,30.2,164.0,58.9,MEDIUM,🟡 Medium,Schedule maintenance within 30 days; increase monitoring
COMP-441,Gas Compressor,Ghasha Offshore Complex,30.0,207.0,76.6,MEDIUM,🟡 Medium,Schedule maintenance within 30 days; increase monitoring
VALVE-382,Valve,Habshan Gas Plant,30.0,201.0,62.4,MEDIUM,🟡 Medium,Schedule maintenance within 30 days; increase monitoring
HEX-521,Heat Exchanger,Ruwais Refinery,29.6,144.0,54.5,MEDIUM,🟡 Medium,Schedule maintenance within 30 days; increase monitoring
DRILL-538,Drilling Equipment,Ruwais Refinery,29.6,172.0,82.2,MEDIUM,🟡 Medium,Schedule maintenance within 30 days; increase monitoring
VALVE-160,Valve,Jebel Ali Terminal,29.6,218.0,67.3,MEDIUM,🟡 Medium,Schedule maintenance within 30 days; increase monitoring
COMP-260,Gas Compressor,Jebel Ali Terminal,28.9,168.0,79.2,MEDIUM,🟡 Medium,Schedule maintenance within 30 days; increase monitoring
DRILL-383,Drilling Equipment,Habshan Gas Plant,28.6,153.0,69.4,MEDIUM,🟡 Medium,Schedule maintenance within 30 days; increase monitoring
CFPUMP-610,Centrifugal Pump,Jebel Ali Terminal,28.5,185.0,72.8,MEDIUM,🟡 Medium,Schedule maintenance within 30 days; increase monitoring
HEX-463,Heat Exchanger,Abu Dhabi Onshore Field,28.5,142.0,65.3,MEDIUM,🟡 Medium,Schedule maintenance within 30 days; increase monitoring
HEX-484,Heat Exchanger,Ghasha Offshore Complex,28.5,186.0,71.5,MEDIUM,🟡 Medium,Schedule maintenance within 30 days; increase monitoring
TURB-181,Turbine,Abu Dhabi Onshore Field,28.5,202.0,73.8,MEDIUM,🟡 Medium,Schedule maintenance within 30 days; increase monitoring
TURB-617,Turbine,Dubai Processing Plant,28.3,156.0,67.3,MEDIUM,🟡 Medium,Schedule maintenance within 30 days; increase monitoring
TURB-385,Turbine,Ruwais Refinery,28.1,227.0,77.5,MEDIUM,🟡 Medium,Schedule maintenance within 30 days; increase monitoring
HEX-400,Heat Exchanger,Ghasha Offshore Complex,28.0,222.0,71.7,MEDIUM,🟡 Medium,Schedule maintenance within 30 days; increase monitoring
CFPUMP-609,Centrifugal Pump,Shah Gas Facility,27.9,211.0,81.5,MEDIUM,🟡 Medium,Schedule maintenance within 30 days; increase monitoring
COMP-561,Gas Compressor,Abu Dhabi Onshore Field,27.8,175.0,87.7,MEDIUM,🟡 Medium,Schedule maintenance within 30 days; increase monitoring
DRILL-194,Drilling Equipment,Dubai Processing Plant,27.6,171.0,84.6,MEDIUM,🟡 Medium,Schedule maintenance within 30 days; increase monitoring
COMP-226,Gas Compressor,Shah Gas Facility,27.5,128.0,79.0,MEDIUM,🟡 Medium,Schedule maintenance within 30 days; increase monitoring
VALVE-353,Valve,Habshan Gas Plant,27.5,216.0,72.9,MEDIUM,🟡 Medium,Schedule maintenance within 30 days; increase monitoring
CFPUMP-278,Centrifugal Pump,Shah Gas Facility,27.4,168.0,60.3,MEDIUM,🟡 Medium,Schedule maintenance within 30 days; increase monitoring
HEX-616,Heat Exchanger,Habshan Gas Plant,26.9,210.0,74.1,MEDIUM,🟡 Medium,Schedule maintenance within 30 days; increase monitoring
CFPUMP-133,Centrifugal Pump,Dubai Processing Plant,26.8,204.0,70.9,MEDIUM,🟡 Medium,Schedule maintenance within 30 days; increase monitoring
VALVE-311,Valve,Dubai Processing Plant,26.5,223.0,72.1,MEDIUM,🟡 Medium,Schedule maintenance within 30 days; increase monitoring
TURB-162,Turbine,Jebel Ali Terminal,26.3,134.0,67.8,MEDIUM,🟡 Medium,Schedule maintenance within 30 days; increase monitoring
CFPUMP-312,Centrifugal Pump,Ruwais Refinery,26.3,122.0,76.5,MEDIUM,🟡 Medium,Schedule maintenance within 30 days; increase monitoring
TURB-597,Turbine,Shah Gas Facility,26.2,152.0,74.3,MEDIUM,🟡 Medium,Schedule maintenance within 30 days; increase monitoring
CFPUMP-636,Centrifugal Pump,Ghasha Offshore Complex,26.2,224.0,84.9,MEDIUM,🟡 Medium,Schedule maintenance within 30 days; increase monitoring
COMP-183,Gas Compressor,Ghasha Offshore Complex,25.8,205.0,80.4,MEDIUM,🟡 Medium,Schedule maintenance within 30 days; increase monitoring
HEX-513,Heat Exchanger,Ghasha Offshore Complex,25.7,169.0,65.0,MEDIUM,🟡 Medium,Schedule maintenance within 30 days; increase monitoring
HEX-389,Heat Exchanger,Shah Gas Facility,25.7,176.0,68.0,MEDIUM,🟡 Medium,Schedule maintenance within 30 days; increase monitoring
CFPUMP-515,Centrifugal Pump,Ruwais Refinery,25.5,156.0,84.7,MEDIUM,🟡 Medium,Schedule maintenance within 30 days; increase monitoring
TURB-613,Turbine,Ruwais Refinery,25.4,209.0,64.5,MEDIUM,🟡 Medium,Schedule maintenance within 30 days; increase monitoring
HEX-217,Heat Exchanger,Ruwais Refinery,25.3,219.0,71.9,MEDIUM,🟡 Medium,Schedule maintenance within 30 days; increase monitoring
VALVE-630,Valve,Habshan Gas Plant,24.7,203.0,73.6,LOW,🟢 Low,Continue normal monitoring
HEX-495,Heat Exchanger,Shah Gas Facility,24.5,188.0,63.8,LOW,🟢 Low,Continue normal monitoring
PUMP-595,Oil Pump,Ruwais Refinery,24.4,242.0,85.4,LOW,🟢 Low,Continue normal monitoring
VALVE-605,Valve,Ruwais Refinery,24.1,163.0,80.2,LOW,🟢 Low,Continue normal monitoring
TURB-315,Turbine,Ruwais Refinery,23.8,217.0,73.4,LOW,🟢 Low,Continue normal monitoring
TURB-452,Turbine,Ruwais Refinery,22.9,203.0,86.7,LOW,🟢 Low,Continue normal monitoring
VALVE-622,Valve,Ghasha Offshore Complex,21.9,230.0,72.5,LOW,🟢 Low,Continue normal monitoring
VALVE-249,Valve,Habshan Gas Plant,21.4,241.0,68.5,LOW,🟢 Low,Continue normal monitoring
HEX-435,Heat Exchanger,Shah Gas Facility,21.3,232.0,79.8,LOW,🟢 Low,Continue normal monitoring
TURB-283,Turbine,Abu Dhabi Onshore Field,21.3,163.0,62.8,LOW,🟢 Low,Continue normal monitoring
